{"mse": 11998263.965366893, "r2_score": -0.10229145336335743}